<?xml version="1.0" encoding="utf-8"?>
<window id="13003">
	<!--onload>Control.SetFocus(33003)</onload>
	<onunload>UnloadSkin()</onunload-->
	<defaultcontrol always="true">33003</defaultcontrol>
	<controls>
		<control type="group">
			<animation effect="slide" start="5042,0" end="0,0" time="950" tween="sine">WindowOpen</animation>
			<animation effect="slide" end="2042,0" time="950" tween="sine">WindowClose</animation>
			<control type="image">
				<description> BACKGROUND </description>
				<posx>0</posx>
				<posy>0</posy>
				<width>1920</width>
				<height>1080</height>
				<aspectratio align="center">scale</aspectratio>
				<texture>background.png</texture>
			</control>

			<control type="textbox" id="33000">
				<description> MOVIE TITLE </description>
				<posx>0</posx>
				<posy>0</posy>
				<width>1920</width>
                <height>60</height>
				<textcolor>FFFAFAFA</textcolor>
				<align>center</align>
				<label>$INFO[Text]</label>
				<font>font30_title</font>
				<shadowcolor>black</shadowcolor>
                 <autoscroll delay="5000" time="4000" repeat="2000">true</autoscroll>
			</control>

			<control type="image" id="33001">
				<description> MOVIE POSTER </description>
				<posy>65</posy>
				<posx>0</posx>
				<width>800</width>
				<height>1015</height>
				<aspectratio scalediffuse="false">scale</aspectratio>
				<texture diffuse="thumbs/movieposter_mask.png">$INFO[Image]</texture>
			</control>

            <control type="button">
				<description> EXCLUSIVE LABEL </description>
                <visible>!IsEmpty(Window.Property(exclusive))</visible>
				<posx>200</posx>
				<posy>1000</posy>
				<width>400</width>
				<height>80</height>
				<textoffsetx>0</textoffsetx>
				<textoffsety>0</textoffsety>
				<textwidth>400</textwidth>
				<align>center</align>
				<aligny>center</aligny>
				<font>font13</font>
				<textcolor>FFFAFAFA</textcolor>
				<texturefocus>dialogs/ic_exclusive.png</texturefocus>
				<texturenofocus>dialogs/ic_exclusive.png</texturenofocus>
				<label>$ADDON[plugin.video.megogo 1037]</label>
			</control>

            <control type="image" id="33010">
				<description> SVOD OR TVOD POSTER MASK </description>
				<posy>65</posy>
				<posx>0</posx>
				<width>800</width>
				<height>1015</height>
				<!--aspectratio scalediffuse="false">scale</aspectratio-->
				<texture diffuse="thumbs/movieposter_mask.png">dialogs/mask.png</texture>
				<visible>!IsEmpty(Window.Property(SVOD)) | !IsEmpty(Window.Property(TVOD))</visible>
			</control>

            <control type="image" id="33009">
				<description> SVOD ICON </description>
				<posx>322</posx>
				<posy>420</posy>
				<width>156</width>
				<height>156</height>
				<texture>$INFO[Window.Property(SVOD)]</texture>
				<visible>!IsEmpty(Window.Property(SVOD))</visible>
			</control>

			<control type="image" id="33011">
				<description> TVOD ICON </description>
				<posx>322</posx>
				<posy>420</posy>
				<width>156</width>
				<height>156</height>
				<texture>$INFO[Window.Property(TVOD)]</texture>
				<visible>!IsEmpty(Window.Property(TVOD))</visible>
			</control>

			<control type="textbox">
				<description> TVOD OR SVOD TEXT </description>
				<visible>!IsEmpty(Window.Property(TVOD)) | !IsEmpty(Window.Property(SVOD))</visible>
				<posx>0</posx>
				<posy>630</posy>
				<width>800</width>
				<textcolor>FFFAFAFA</textcolor>
				<align>center</align>
				<label>$INFO[Window.Property(Price)]</label>
				<font>font30</font>
			</control>

			<control type="image">
				<description> FULL HD LOGO </description>
				<posy>983</posy>
				<posx>603</posx>
				<width>200</width>
				<height>100</height>
				<aspectratio scalediffuse="false">scale</aspectratio>
				<texture>$INFO[Window.Property(Quality)]</texture>
				<visible>!IsEmpty(Window.Property(Quality))</visible>
			</control>

            <control type="button" id="33014">
				<description> ADD TO FAVOURITE </description>
                <visible>!IsEmpty(Window.Property(Add))</visible>
				<posx>820</posx>
				<posy>80</posy>
				<width>85</width>
				<height>85</height>
				<onright>33003</onright>
				<texturefocus>buttons/Add_On.png</texturefocus>
				<texturenofocus>buttons/Add_Off.png</texturenofocus>
			</control>

            <control type="button" id="33014">
				<description> DELL FROM FAVOURITE </description>
                <visible>!IsEmpty(Window.Property(Remove))</visible>
				<posx>820</posx>
				<posy>80</posy>
				<width>85</width>
				<height>85</height>
				<onright>33003</onright>
				<texturefocus>buttons/Remove_On.png</texturefocus>
				<texturenofocus>buttons/Remove_Off.png</texturenofocus>
			</control>

			<control type="button" id="33003">
				<description> PLAY BUTTON </description>
                <visible>IsEmpty(Window.Property(series))</visible>
				<posx>925</posx>
				<posy>77</posy>
				<width>300</width>
				<height>91</height>
				<textoffsetx>85</textoffsetx>
				<textoffsety>25</textoffsety>
				<textwidth>210</textwidth>
				<align>left</align>
				<aligny>top</aligny>
				<font>font13</font>
				<textcolor>FF999999</textcolor>
                <onleft>33014</onleft>
				<onright>33012</onright>
				<!--aspectratio scalediffuse="true">stretch</aspectratio-->
				<texturefocus>buttons/Play_On.png</texturefocus>
				<texturenofocus>buttons/Play_Off.png</texturenofocus>
				<label>$ADDON[plugin.video.megogo 1000]</label>
			</control>

            <control type="button" id="33003">
				<description> PLAY BUTTON WHEN SERIES </description>
                <visible>!IsEmpty(Window.Property(series))</visible>
				<posx>925</posx>
				<posy>77</posy>
				<width>310</width>
				<height>91</height>
				<textoffsetx>65</textoffsetx>
				<textoffsety>25</textoffsety>
				<textwidth>240</textwidth>
				<align>left</align>
				<aligny>top</aligny>
				<font>font13</font>
				<textcolor>FF999999</textcolor>
                <onleft>33014</onleft>
				<onright>33012</onright>
				<texturefocus>buttons/Play_On.png</texturefocus>
				<texturenofocus>buttons/Play_Off.png</texturenofocus>
				<label>$ADDON[plugin.video.megogo 1039]</label>
			</control>

			<control type="button" id="33012">
				<description> ABOUT BUTTON </description>
				<posx>1250</posx>
				<posy>77</posy>
				<width>300</width>
				<height>91</height>
				<textoffsetx>55</textoffsetx>
				<textoffsety>25</textoffsety>
				<textwidth>240</textwidth>
				<align>left</align>
				<aligny>top</aligny>
				<font>font13</font>
				<textcolor>FF999999</textcolor>
				<onleft>33003</onleft>
                <onright>33013</onright>
				<!--aspectratio scalediffuse="true">center</aspectratio-->
				<texturefocus>buttons/Info_On.png</texturefocus>
				<texturenofocus>buttons/Info_Off.png</texturenofocus>
				<label>$ADDON[plugin.video.megogo 1019]</label>
			</control>

            <control type="button" id="33013">
				<description> SERIES BUTTON </description>
                <visible>!IsEmpty(Window.Property(series))</visible>
				<posx>1580</posx>
				<posy>77</posy>
				<width>300</width>
				<height>91</height>
				<textoffsetx>75</textoffsetx>
				<textoffsety>25</textoffsety>
				<textwidth>220</textwidth>
				<align>left</align>
				<aligny>top</aligny>
				<font>font13</font>
				<textcolor>FF999999</textcolor>
				<onleft>33012</onleft>
				<!--aspectratio scalediffuse="true">center</aspectratio-->
				<texturefocus>buttons/List_On.png</texturefocus>
				<texturenofocus>buttons/List_Off.png</texturenofocus>
				<label>$ADDON[plugin.video.megogo 1038]</label>
			</control>

			<control type="textbox" id="33002">
				<description> YEAR AND GENRES DESCRIPTION </description>
				<posx>820</posx>
				<posy>172</posy>
				<width>1100</width>
                <height>40</height>
				<textcolor>FFFAFAFA</textcolor>
				<align>left</align>
				<label>$INFO[Text]</label>
				<font>font13</font>
                <autoscroll delay="5000" time="4000" repeat="2000">true</autoscroll>
			</control>

			<control type="image">
				<description> SEPARATOR </description>
				<posy>180</posy>
				<posx>850</posx>
				<width>900</width>
				<height>100</height>
				<aspectratio scalediffuse="false">keep</aspectratio>
				<texture>icons/separator.png</texture>
			</control>

			<control type="textbox">
				<description> MOVIE DESCRIPTION NAME</description>
				<posx>820</posx>
				<posy>220</posy>
				<width>957</width>
				<textcolor>FFFAFAFA</textcolor>
				<align>left</align>
				<label>$ADDON[plugin.video.megogo 1004]</label>
				<font>font13_title</font>
			</control>

			<control type="textbox" id="33004">
				<description> MOVIE DESCRIPTION </description>
				<posx>840</posx>
				<posy>260</posy>
				<width>990</width>
				<height>400</height>
				<textcolor>FFFAFAFA</textcolor>
				<align>left</align>
				<label fallback="No info available">$INFO[Text]</label>
				<autoscroll delay="5000" time="4000" repeat="2000">true</autoscroll>
				<font>font13</font>
			</control>

			<control type="image">
				<description> SEPARATOR </description>
				<posx>840</posx>
				<posy>620</posy>
				<width>900</width>
				<height>100</height>
				<aspectratio scalediffuse="false">keep</aspectratio>
				<texture>icons/separator.png</texture>
			</control>

			<control type="image">
				<description> DURATION IMAGE </description>
				<posx>825</posx>
				<posy>675</posy>
				<width>45</width>
				<height>45</height>
				<aspectratio scalediffuse="false">keep</aspectratio>
				<texture>icons/duration_45.png</texture>
			</control>

			<control type="textbox" id="33005">
				<description> DURATION TIME </description>
				<posx>871</posx>
				<posy>670</posy>
				<width>150</width>
				<textcolor>FFFAFAFA</textcolor>
				<align>left</align>
				<label fallback="-">$INFO[Text]</label>
				<font>font13</font>
			</control>

			<control type="image">
				<description> LIKE IMAGE </description>
				<posx>990</posx>
				<posy>675</posy>
				<width>45</width>
				<height>45</height>
				<aspectratio scalediffuse="false">keep</aspectratio>
				<texture>icons/like_45.png</texture>
			</control>

			<control type="textbox" id="33006">
				<description> LIKES </description>
				<posx>1038</posx>
				<posy>670</posy>
				<width>150</width>
				<textcolor>FFFAFAFA</textcolor>
				<align>left</align>
				<label fallback="-">$INFO[Text]</label>
				<font>font13</font>
			</control>

			<control type="image">
				<description> DISLIKE IMAGE </description>
				<posx>1190</posx>
				<posy>680</posy>
				<width>45</width>
				<height>45</height>
				<aspectratio scalediffuse="false">keep</aspectratio>
				<texture>icons/dislike_45.png</texture>
			</control>

			<control type="textbox" id="33007">
				<description> DISLIKES </description>
				<posx>1238</posx>
				<posy>670</posy>
				<width>150</width>
				<textcolor>FFFAFAFA</textcolor>
				<align>left</align>
				<label fallback="-">$INFO[Text]</label>
				<font>font13</font>
			</control>

			<control type="image">
				<description> IMDB IMAGE </description>
				<posx>1400</posx>
				<posy>675</posy>
				<width>76</width>
				<height>45</height>
				<aspectratio scalediffuse="false">keep</aspectratio>
				<texture>icons/IMDb_45.png</texture>
				<visible>!IsEmpty(Window.Property(imdb_rating))</visible>
			</control>

			<control type="textbox">
				<description> IMDB RATING </description>
				<posx>1488</posx>
				<posy>670</posy>
				<width>150</width>
				<textcolor>FFFAFAFA</textcolor>
				<align>left</align>
				<label>$INFO[Window.Property(imdb_rating)]</label>
				<visible>!IsEmpty(Window.Property(imdb_rating))</visible>
				<font>font13</font>
			</control>

			<control type="image">
				<description> KINOPOISK IMAGE </description>
				<posx>1670</posx>
				<posy>675</posy>
				<width>45</width>
				<height>45</height>
				<aspectratio scalediffuse="false">keep</aspectratio>
				<texture>icons/kinopoisk_45.png</texture>
				<visible>!IsEmpty(Window.Property(kinopoisk_rating)) + !IsEmpty(Window.Property(imdb_rating))</visible>
			</control>

			<control type="textbox">
				<description> KINOPOISK RATING </description>
				<posx>1718</posx>
				<posy>670</posy>
				<width>150</width>
				<textcolor>FFFAFAFA</textcolor>
				<align>left</align>
				<label>$INFO[Window.Property(kinopoisk_rating)]</label>
				<visible>!IsEmpty(Window.Property(kinopoisk_rating)) + !IsEmpty(Window.Property(imdb_rating))</visible>
				<font>font13</font>
			</control>

			<!-- IF IMDB RATING EMPTY -->
			<control type="image">
				<description> KINOPOISK IMAGE </description>
				<posx>1400</posx>
				<posy>675</posy>
				<width>45</width>
				<height>45</height>
				<aspectratio scalediffuse="false">keep</aspectratio>
				<texture>icons/kinopoisk_45.png</texture>
				<visible>!IsEmpty(Window.Property(kinopoisk_rating)) + IsEmpty(Window.Property(imdb_rating))</visible>
			</control>

			<control type="textbox">
				<description> KINOPOISK RATING </description>
				<posx>1460</posx>
				<posy>670</posy>
				<width>150</width>
				<textcolor>FFFAFAFA</textcolor>
				<align>left</align>
				<label>$INFO[Window.Property(kinopoisk_rating)]</label>
				<visible>!IsEmpty(Window.Property(kinopoisk_rating)) + IsEmpty(Window.Property(imdb_rating))</visible>
				<font>font13</font>
			</control>

			<control type="textbox" id="33008">
				<description> AGE LIMITS </description>
				<posx>820</posx>
				<posy>747</posy>
				<width>600</width>
				<textcolor>FFFAFAFA</textcolor>
				<align>left</align>
				<font>font13</font>
			</control>


			<!-- AUDIO FLAGS SECTION -->
			<control type="textbox">
				<description> AUDIO LANGUAGES </description>
				<posx>820</posx>
				<posy>800</posy>
				<width>900</width>
				<textcolor>FFFAFAFA</textcolor>
				<align>left</align>
				<label>$ADDON[plugin.video.megogo 1006]</label>
				<font>font13</font>
			</control>

			<control type="image">
				<description> ON RU IMAGE </description>
				<posx>1372</posx>
				<posy>812</posy>
				<width>46</width>
				<height>33</height>
				<aspectratio scalediffuse="false">keep</aspectratio>
				<texture>$INFO[Window.Property(Audio_Language_RU)]</texture>
				<visible>!IsEmpty(Window.Property(Audio_Language_RU))</visible>
			</control>

			<control type="image">
				<description> OFF RU IMAGE </description>
				<posx>1372</posx>
				<posy>812</posy>
				<width>46</width>
				<height>33</height>
				<aspectratio scalediffuse="false">keep</aspectratio>
				<texture>flags/ru_off.png</texture>
				<visible>IsEmpty(Window.Property(Audio_Language_RU))</visible>
			</control>

			<control type="image">
				<description> ON UA IMAGE </description>
				<posx>1422</posx>
				<posy>812</posy>
				<width>46</width>
				<height>33</height>
				<aspectratio scalediffuse="false">keep</aspectratio>
				<texture>$INFO[Window.Property(Audio_Language_UA)]</texture>
				<visible>!IsEmpty(Window.Property(Audio_Language_UA))</visible>
			</control>

			<control type="image">
				<description> OFF UA IMAGE </description>
				<posx>1422</posx>
				<posy>812</posy>
				<width>46</width>
				<height>33</height>
				<aspectratio scalediffuse="false">keep</aspectratio>
				<texture>flags/ua_off.png</texture>
				<visible>IsEmpty(Window.Property(Audio_Language_UA))</visible>
			</control>

			<control type="image">
				<description> ON LT IMAGE </description>
				<posx>1472</posx>
				<posy>812</posy>
				<width>46</width>
				<height>33</height>
				<aspectratio scalediffuse="false">keep</aspectratio>
				<texture>$INFO[Window.Property(Audio_Language_LT)]</texture>
				<visible>!IsEmpty(Window.Property(Audio_Language_LT))</visible>
			</control>

			<control type="image">
				<description> OFF LT IMAGE </description>
				<posx>1472</posx>
				<posy>812</posy>
				<width>46</width>
				<height>33</height>
				<aspectratio scalediffuse="false">keep</aspectratio>
				<texture>flags/lt_off.png</texture>
				<visible>IsEmpty(Window.Property(Audio_Language_LT))</visible>
			</control>

			<control type="image">
				<description> ON EN IMAGE </description>
				<posx>1522</posx>
				<posy>812</posy>
				<width>46</width>
				<height>33</height>
				<aspectratio scalediffuse="false">keep</aspectratio>
				<texture>$INFO[Window.Property(Audio_Language_EN)]</texture>
				<visible>!IsEmpty(Window.Property(Audio_Language_EN))</visible>
			</control>

			<control type="image">
				<description> OFF EN IMAGE </description>
				<posx>1522</posx>
				<posy>812</posy>
				<width>46</width>
				<height>33</height>
				<aspectratio scalediffuse="false">keep</aspectratio>
				<texture>flags/en_off.png</texture>
				<visible>IsEmpty(Window.Property(Audio_Language_EN))</visible>
			</control>

			<control type="image">
				<description> ON LV IMAGE </description>
				<posx>1572</posx>
				<posy>812</posy>
				<width>46</width>
				<height>33</height>
				<aspectratio scalediffuse="false">keep</aspectratio>
				<texture>$INFO[Window.Property(Audio_Language_LV)]</texture>
				<visible>!IsEmpty(Window.Property(Audio_Language_LV))</visible>
			</control>

			<control type="image">
				<description> OFF LV IMAGE </description>
				<posx>1572</posx>
				<posy>812</posy>
				<width>46</width>
				<height>33</height>
				<aspectratio scalediffuse="false">keep</aspectratio>
				<texture>flags/lv_off.png</texture>
				<visible>IsEmpty(Window.Property(Audio_Language_LV))</visible>
			</control>

			<control type="image">
				<description> ON EE IMAGE </description>
				<posx>1622</posx>
				<posy>812</posy>
				<width>46</width>
				<height>33</height>
				<aspectratio scalediffuse="false">keep</aspectratio>
				<texture>$INFO[Window.Property(Audio_Language_EE)]</texture>
				<visible>!IsEmpty(Window.Property(Audio_Language_EE))</visible>
			</control>

			<control type="image">
				<description> OFF EE IMAGE </description>
				<posx>1622</posx>
				<posy>812</posy>
				<width>46</width>
				<height>33</height>
				<aspectratio scalediffuse="false">keep</aspectratio>
				<texture>flags/ee_off.png</texture>
				<visible>IsEmpty(Window.Property(Audio_Language_EE))</visible>
			</control>

			<control type="image">
				<description> ON GE IMAGE </description>
				<posx>1672</posx>
				<posy>812</posy>
				<width>46</width>
				<height>33</height>
				<aspectratio scalediffuse="false">keep</aspectratio>
				<texture>$INFO[Window.Property(Audio_Language_GE)]</texture>
				<visible>!IsEmpty(Window.Property(Audio_Language_GE))</visible>
			</control>

			<control type="image">
				<description> OFF GE IMAGE </description>
				<posx>1672</posx>
				<posy>812</posy>
				<width>46</width>
				<height>33</height>
				<aspectratio scalediffuse="false">keep</aspectratio>
				<texture>flags/ge_off.png</texture>
				<visible>IsEmpty(Window.Property(Audio_Language_GE))</visible>
			</control>

			<control type="image">
				<description> ON KZ IMAGE </description>
				<posx>1722</posx>
				<posy>812</posy>
				<width>46</width>
				<height>33</height>
				<aspectratio scalediffuse="false">keep</aspectratio>
				<texture>$INFO[Window.Property(Audio_Language_KZ)]</texture>
				<visible>!IsEmpty(Window.Property(Audio_Language_KZ))</visible>
			</control>

			<control type="image">
				<description> OFF KZ IMAGE </description>
				<posx>1722</posx>
				<posy>812</posy>
				<width>46</width>
				<height>33</height>
				<aspectratio scalediffuse="false">keep</aspectratio>
				<texture>flags/kz_off.png</texture>
				<visible>IsEmpty(Window.Property(Audio_Language_KZ))</visible>
			</control>

			<control type="image">
				<description> ON BE IMAGE </description>
				<posx>1772</posx>
				<posy>812</posy>
				<width>46</width>
				<height>33</height>
				<aspectratio scalediffuse="false">keep</aspectratio>
				<texture>$INFO[Window.Property(Audio_Language_BE)]</texture>
				<visible>!IsEmpty(Window.Property(Audio_Language_BE))</visible>
			</control>

			<control type="image">
				<description> OFF BE IMAGE </description>
				<posx>1772</posx>
				<posy>812</posy>
				<width>46</width>
				<height>33</height>
				<aspectratio scalediffuse="false">keep</aspectratio>
				<texture>flags/be_off.png</texture>
				<visible>IsEmpty(Window.Property(Audio_Language_BE))</visible>
			</control>

			 <control type="image">
				<description> ON KG IMAGE </description>
				<posx>1822</posx>
				<posy>812</posy>
				<width>46</width>
				<height>33</height>
				<aspectratio scalediffuse="false">keep</aspectratio>
				<texture>$INFO[Window.Property(Audio_Language_KG)]</texture>
				<visible>!IsEmpty(Window.Property(Audio_Language_KG))</visible>
			</control>

			<control type="image">
				<description> OFF KG IMAGE </description>
				<posx>1822</posx>
				<posy>812</posy>
				<width>46</width>
				<height>33</height>
				<aspectratio scalediffuse="false">keep</aspectratio>
				<texture>flags/kg_off.png</texture>
				<visible>IsEmpty(Window.Property(Audio_Language_KG))</visible>
			</control>

			<control type="image">
				<description> ON CZ IMAGE </description>
				<posx>1872</posx>
				<posy>812</posy>
				<width>46</width>
				<height>33</height>
				<aspectratio scalediffuse="false">keep</aspectratio>
				<texture>$INFO[Window.Property(Audio_Language_CZ)]</texture>
				<visible>!IsEmpty(Window.Property(Audio_Language_CZ))</visible>
			</control>

			<control type="image">
				<description> OFF KG IMAGE </description>
				<posx>1872</posx>
				<posy>812</posy>
				<width>46</width>
				<height>33</height>
				<aspectratio scalediffuse="false">keep</aspectratio>
				<texture>flags/cz_off.png</texture>
				<visible>IsEmpty(Window.Property(Audio_Language_CZ))</visible>
			</control>


			<!-- SUBTITLE FLAGS SECTION -->
			<control type="textbox">
				<description> SUBTITLE LANGUAGES </description>
				<posx>820</posx>
				<posy>857</posy>
				<width>870</width>
				<textcolor>FFFAFAFA</textcolor>
				<align>left</align>
				<label>$ADDON[plugin.video.megogo 1007]</label>
				<font>font13</font>
			</control>

			<control type="image">
				<description> ON RU IMAGE </description>
				<posx>1372</posx>
				<posy>870</posy>
				<width>46</width>
				<height>33</height>
				<aspectratio scalediffuse="false">keep</aspectratio>
				<texture>$INFO[Window.Property(Subtitle_Language_RU)]</texture>
				<visible>!IsEmpty(Window.Property(Subtitle_Language_RU))</visible>
			</control>

			<control type="image">
				<description> OFF RU IMAGE </description>
				<posx>1372</posx>
				<posy>870</posy>
				<width>46</width>
				<height>33</height>
				<aspectratio scalediffuse="false">keep</aspectratio>
				<texture>flags/ru_off.png</texture>
				<visible>IsEmpty(Window.Property(Subtitle_Language_RU))</visible>
			</control>

			<control type="image">
				<description> ON UA IMAGE </description>
				<posx>1422</posx>
				<posy>870</posy>
				<width>46</width>
				<height>33</height>
				<aspectratio scalediffuse="false">keep</aspectratio>
				<texture>$INFO[Window.Property(Subtitle_Language_UA)]</texture>
				<visible>!IsEmpty(Window.Property(Subtitle_Language_UA))</visible>
			</control>

			<control type="image">
				<description> OFF UA IMAGE </description>
				<posx>1422</posx>
				<posy>870</posy>
				<width>46</width>
				<height>33</height>
				<aspectratio scalediffuse="false">keep</aspectratio>
				<texture>flags/ua_off.png</texture>
				<visible>IsEmpty(Window.Property(Subtitle_Language_UA))</visible>
			</control>

			<control type="image">
				<description> ON LT IMAGE </description>
				<posx>1472</posx>
				<posy>870</posy>
				<width>46</width>
				<height>33</height>
				<aspectratio scalediffuse="false">keep</aspectratio>
				<texture>$INFO[Window.Property(Subtitle_Language_LT)]</texture>
				<visible>!IsEmpty(Window.Property(Subtitle_Language_LT))</visible>
			</control>

			<control type="image">
				<description> OFF LT IMAGE </description>
				<posx>1472</posx>
				<posy>870</posy>
				<width>46</width>
				<height>33</height>
				<aspectratio scalediffuse="false">keep</aspectratio>
				<texture>flags/lt_off.png</texture>
				<visible>IsEmpty(Window.Property(Subtitle_Language_LT))</visible>
			</control>

			<control type="image">
				<description> ON EN IMAGE </description>
				<posx>1522</posx>
				<posy>870</posy>
				<width>46</width>
				<height>33</height>
				<aspectratio scalediffuse="false">keep</aspectratio>
				<texture>$INFO[Window.Property(Subtitle_Language_EN)]</texture>
				<visible>!IsEmpty(Window.Property(Subtitle_Language_EN))</visible>
			</control>

			<control type="image">
				<description> OFF EN IMAGE </description>
				<posx>1522</posx>
				<posy>870</posy>
				<width>46</width>
				<height>33</height>
				<aspectratio scalediffuse="false">keep</aspectratio>
				<texture>flags/en_off.png</texture>
				<visible>IsEmpty(Window.Property(Subtitle_Language_EN))</visible>
			</control>

			<control type="image">
				<description> ON LV IMAGE </description>
				<posx>1572</posx>
				<posy>870</posy>
				<width>46</width>
				<height>33</height>
				<aspectratio scalediffuse="false">keep</aspectratio>
				<texture>$INFO[Window.Property(Subtitle_Language_LV)]</texture>
				<visible>!IsEmpty(Window.Property(Subtitle_Language_LV))</visible>
			</control>

			<control type="image">
				<description> OFF LV IMAGE </description>
				<posx>1572</posx>
				<posy>870</posy>
				<width>46</width>
				<height>33</height>
				<aspectratio scalediffuse="false">keep</aspectratio>
				<texture>flags/lv_off.png</texture>
				<visible>IsEmpty(Window.Property(Subtitle_Language_LV))</visible>
			</control>

			<control type="image">
				<description> ON EE IMAGE </description>
				<posx>1622</posx>
				<posy>870</posy>
				<width>46</width>
				<height>33</height>
				<aspectratio scalediffuse="false">keep</aspectratio>
				<texture>$INFO[Window.Property(Subtitle_Language_EE)]</texture>
				<visible>!IsEmpty(Window.Property(Subtitle_Language_EE))</visible>
			</control>

			<control type="image">
				<description> OFF EE IMAGE </description>
				<posx>1622</posx>
				<posy>870</posy>
				<width>46</width>
				<height>33</height>
				<aspectratio scalediffuse="false">keep</aspectratio>
				<texture>flags/ee_off.png</texture>
				<visible>IsEmpty(Window.Property(Subtitle_Language_EE))</visible>
			</control>

			<control type="image">
				<description> ON GE IMAGE </description>
				<posx>1672</posx>
				<posy>870</posy>
				<width>46</width>
				<height>33</height>
				<aspectratio scalediffuse="false">keep</aspectratio>
				<texture>$INFO[Window.Property(Subtitle_Language_GE)]</texture>
				<visible>!IsEmpty(Window.Property(Subtitle_Language_GE))</visible>
			</control>

			<control type="image">
				<description> OFF GE IMAGE </description>
				<posx>1672</posx>
				<posy>870</posy>
				<width>46</width>
				<height>33</height>
				<aspectratio scalediffuse="false">keep</aspectratio>
				<texture>flags/ge_off.png</texture>
				<visible>IsEmpty(Window.Property(Subtitle_Language_GE))</visible>
			</control>

			<control type="image">
				<description> ON KZ IMAGE </description>
				<posx>1722</posx>
				<posy>870</posy>
				<width>46</width>
				<height>33</height>
				<aspectratio scalediffuse="false">keep</aspectratio>
				<texture>$INFO[Window.Property(Subtitle_Language_KZ)]</texture>
				<visible>!IsEmpty(Window.Property(Subtitle_Language_KZ))</visible>
			</control>

			<control type="image">
				<description> OFF KZ IMAGE </description>
				<posx>1722</posx>
				<posy>870</posy>
				<width>46</width>
				<height>33</height>
				<aspectratio scalediffuse="false">keep</aspectratio>
				<texture>flags/kz_off.png</texture>
				<visible>IsEmpty(Window.Property(Subtitle_Language_KZ))</visible>
			</control>

			<control type="image">
				<description> ON BE IMAGE </description>
				<posx>1772</posx>
				<posy>870</posy>
				<width>46</width>
				<height>33</height>
				<aspectratio scalediffuse="false">keep</aspectratio>
				<texture>$INFO[Window.Property(Subtitle_Language_BE)]</texture>
				<visible>!IsEmpty(Window.Property(Subtitle_Language_BE))</visible>
			</control>

			<control type="image">
				<description> OFF BE IMAGE </description>
				<posx>1772</posx>
				<posy>870</posy>
				<width>46</width>
				<height>33</height>
				<aspectratio scalediffuse="false">keep</aspectratio>
				<texture>flags/be_off.png</texture>
				<visible>IsEmpty(Window.Property(Subtitle_Language_BE))</visible>
			</control>

			 <control type="image">
				<description> ON KG IMAGE </description>
				<posx>1822</posx>
				<posy>870</posy>
				<width>46</width>
				<height>33</height>
				<aspectratio scalediffuse="false">keep</aspectratio>
				<texture>$INFO[Window.Property(Subtitle_Language_KG)]</texture>
				<visible>!IsEmpty(Window.Property(Subtitle_Language_KG))</visible>
			</control>

			<control type="image">
				<description> OFF KG IMAGE </description>
				<posx>1822</posx>
				<posy>870</posy>
				<width>46</width>
				<height>33</height>
				<aspectratio scalediffuse="false">keep</aspectratio>
				<texture>flags/kg_off.png</texture>
				<visible>IsEmpty(Window.Property(Subtitle_Language_KG))</visible>
			</control>

			<control type="image">
				<description> ON CZ IMAGE </description>
				<posx>1872</posx>
				<posy>870</posy>
				<width>46</width>
				<height>33</height>
				<aspectratio scalediffuse="false">keep</aspectratio>
				<texture>$INFO[Window.Property(Subtitle_Language_CZ)]</texture>
				<visible>!IsEmpty(Window.Property(Subtitle_Language_CZ))</visible>
			</control>

			<control type="image">
				<description> OFF KG IMAGE </description>
				<posx>1872</posx>
				<posy>870</posy>
				<width>46</width>
				<height>33</height>
				<aspectratio scalediffuse="false">keep</aspectratio>
				<texture>flags/cz_off.png</texture>
				<visible>IsEmpty(Window.Property(Subtitle_Language_CZ))</visible>
			</control>
		</control>

		<control type="group">
			<posy>65</posy>
			<animation type="Conditional" condition="!Control.HasFocus(17051) + !ControlGroup(17000).HasFocus + !Control.HasFocus(17050) + !ControlGroup(50000).HasFocus  + !ControlGroup(50001).HasFocus + !ControlGroup(50002).HasFocus">
				<effect type="slide" end="-1921" time="620" easing="in" tween="cubic" />
			</animation>

            <control type="button" id="17051">
                <posx>0</posx>
                <posy>0</posy>
                <width>1920</width>
                <height>1015</height>
                <texturefocus>background.png</texturefocus>
				<texturenofocus>background.png</texturenofocus>
            </control>

			<control type="image">
				<posx>220</posx>
				<posy>330</posy>
				<width>28</width>
				<height>28</height>
				<texture flipy="true">icons/arrowdown.png</texture>
				<visible>Control.HasFocus(17001) | Control.HasFocus(17002) | Control.HasFocus(17003) | ControlGroup(50000).HasFocus | ControlGroup(50001).HasFocus | ControlGroup(50002).HasFocus</visible>
			</control>

			<control type="image">
				<posx>220</posx>
				<posy>700</posy>
				<width>28</width>
				<height>28</height>
				<texture>icons/arrowdown.png</texture>
				<visible>Control.HasFocus(17001) | Control.HasFocus(17002) | Control.HasFocus(17050) | ControlGroup(50000).HasFocus | ControlGroup(50001).HasFocus</visible>
			</control>

			<control type="button" id="17050">
				<posx>10</posx>
				<posy>10</posy>
				<label>$ADDON[plugin.video.megogo 1022]</label>
				<width>250</width>
				<height>90</height>
				<textoffsetx>40</textoffsetx>
				<textoffsety>25</textoffsety>
				<textwidth>315</textwidth>
				<align>center</align>
				<aligny>top</aligny>
				<texturefocus border="40">buttons/On.png</texturefocus>
				<texturenofocus border="40">buttons/Off.png</texturenofocus>
				<font>font13</font>
				<textcolor>FF999999</textcolor>
				<ondown>17001</ondown>
				<focusedcolor>FFFAFAFA</focusedcolor>
			</control>

			<control type="grouplist" id="17000">
				<posx>40</posx>
				<posy>400</posy>
				<width>400</width>
				<height>1000</height>
				<orientation>vertical</orientation>
				<scroll>true</scroll>
				<itemgap>1</itemgap>
				<onup>17050</onup>
				<control type="button" id="17001">
					<label>$ADDON[plugin.video.megogo 1021]</label>
					<width>400</width>
					<height>90</height>
					<textoffsetx>0</textoffsetx>
					<textoffsety>25</textoffsety>
					<textwidth>400</textwidth>
					<align>center</align>
					<aligny>top</aligny>
					<texturefocus border="40">buttons/On.png</texturefocus>
					<texturenofocus border="40">buttons/Off.png</texturenofocus>
					<font>font13</font>
					<textcolor>FF999999</textcolor>
					<ondown>17002</ondown>
                    <onright>5000</onright>
					<focusedcolor>FFFAFAFA</focusedcolor>
				</control>
				<control type="button" id="17002">
					<label>$ADDON[plugin.video.megogo 1023]</label>
					<width>400</width>
					<height>90</height>
					<textoffsetx>0</textoffsetx>
					<textoffsety>25</textoffsety>
					<textwidth>400</textwidth>
					<align>center</align>
					<aligny>top</aligny>
					<texturefocus border="40">buttons/On.png</texturefocus>
					<texturenofocus border="40">buttons/Off.png</texturenofocus>
					<font>font13</font>
					<textcolor>FF999999</textcolor>
					<onup>17001</onup>
					<ondown>17003</ondown>
                    <onright>5001</onright>
					<focusedcolor>FFFAFAFA</focusedcolor>
				</control>
				<control type="button" id="17003">
					<label>$ADDON[plugin.video.megogo 1024]</label>
					<width>400</width>
					<height>90</height>
					<textoffsetx>0</textoffsetx>
					<textoffsety>25</textoffsety>
					<textwidth>400</textwidth>
					<align>center</align>
					<aligny>top</aligny>
					<texturefocus border="40">buttons/On.png</texturefocus>
					<texturenofocus border="40">buttons/Off.png</texturenofocus>
					<font>font13</font>
					<textcolor>FF999999</textcolor>
					<onup>17002</onup>
					<ondown>17050</ondown>
                    <onright>5002</onright>
					<focusedcolor>FFFAFAFA</focusedcolor>
				</control>
			</control>

			<control type="group" id="50000">
				<visible>Control.HasFocus(17001) | Control.HasFocus(17050) | ControlGroup(50000).HasFocus | Control.HasFocus(17051)</visible>
				<posx>500</posx>
				<posy>155</posy>
				<control type="image">
					<posx>-20</posx>
					<posy>255</posy>
					<width>28</width>
					<height>28</height>
					<texture flipx="true">icons/arrowright.png</texture>
					<animation effect="fade" time="200">VisibleChange</animation>
					<animation effect="slide" start="-150" end="0" delay="640" time="320" tween="cubic">WindowOpen</animation>
					<visible>Container(5000).HasPrevious + Control.HasFocus(5000)</visible>
				</control>
				<control type="image">
					<posx>1380</posx>
					<posy>255</posy>
					<width>28</width>
					<height>28</height>
					<texture>icons/arrowright.png</texture>
					<animation effect="slide" start="-30,0" end="0,0" time="200">VisibleChange</animation>
					<animation effect="slide" start="150" end="0" delay="640" time="320" tween="cubic">WindowOpen</animation>
					<visible>Container(5000).HasNext + Control.HasFocus(5000)</visible>
				</control>

                <control type="textbox">
                    <description> CREW NAME </description>
                    <posx>10</posx>
                    <posy>40</posy>
                    <width>957</width>
                    <textcolor>FFFAFAFA</textcolor>
                    <align>left</align>
                    <label>$ADDON[plugin.video.megogo 1021]</label>
                    <font>font13_title</font>
                </control>

				<control type="panel" id="5000">
					<posy>90</posy>
					<posx>-45</posx>
					<width>1400</width>
					<height>600</height>
					<onleft>17001</onleft>
					<scrolltime>200</scrolltime>
					<orientation>horizontal</orientation>
					<animation type="WindowOpen" reversible="false">
						<effect type="slide" start="0,1080" end="0,0" delay="0" tween="sine" time="1300" />
					</animation>
					<itemlayout height="650" width="315">
						<control type="group">
							<control type="image">
								<posy>0</posy>
								<posx>50</posx>
								<width>305</width>
								<height>420</height>
								<texture border="40">buttons/roundedbutton-nofocus.png</texture>
							</control>
							<control type="group">
								<posx>77</posx>
								<posy>18</posy>
								<control type="image">
									<posy>10</posy>
									<width>250</width>
									<height>362</height>
									<texture background="true" fallback="DefaultVideo.png">$INFO[ListItem.Thumb]</texture>
									<aspectratio aligny="center">scale</aspectratio>
									<fadetime>0</fadetime>
								</control>
								<control type="textbox">
									<width>260</width>
									<height>200</height>
									<posx>-5</posx>
									<posy>380</posy>
									<align>center</align>
									<font>font12</font>
									<label>$INFO[ListItem.Label][CR][COLOR FF999999]$INFO[ListItem.Property(name_original)][/COLOR][CR][COLOR FF999999]$INFO[ListItem.Property(type)][/COLOR]</label>
								</control>
							</control>
						</control>
					</itemlayout>
					<focusedlayout height="650" width="315">
						<control type="group">
							<control type="image">
								<posy>0</posy>
								<posx>50</posx>
								<width>305</width>
								<height>420</height>
								<texture border="40">buttons/roundedbutton-nofocus.png</texture>
							</control>
							<control type="image">
								<posy>0</posy>
								<posx>50</posx>
								<width>305</width>
								<height>420</height>
								<texture border="40">buttons/roundedbutton-focus.png</texture>
								<animation effect="fade" start="0" end="100" time="160">Focus</animation>
								<animation effect="fade" start="0" end="100" time="0">UnFocus</animation>
							</control>
							<control type="group">
								<posx>77</posx>
								<posy>18</posy>
								<control type="image">
									<posy>10</posy>
									<width>250</width>
									<height>362</height>
									<texture background="true" fallback="unknown_person.png">$INFO[ListItem.Thumb]</texture>
									<aspectratio aligny="center">scale</aspectratio>
									<fadetime>0</fadetime>
								</control>
								<control type="textbox">
									<width>260</width>
									<height>200</height>
									<posx>-5</posx>
									<posy>380</posy>
									<align>center</align>
									<font>font12</font>
									<label>$INFO[ListItem.Label][CR][COLOR FF999999]$INFO[ListItem.Property(name_original)][/COLOR][CR][COLOR FF999999]$INFO[ListItem.Property(type)][/COLOR]</label>
								</control>
							</control>
						</control>
					</focusedlayout>
				</control>

			</control>

            <control type="group" id="50001">
				<visible>Control.HasFocus(17002) | ControlGroup(50001).HasFocus</visible>
				<posx>500</posx>
				<posy>105</posy>

                <control type="image">
                    <posx>680</posx>
                    <posy>50</posy>
                    <width>28</width>
                    <height>28</height>
                    <texture flipy="true">icons/arrowdown.png</texture>
                    <visible>Container(5001).HasPrevious</visible>
                </control>

                <control type="image">
                    <posx>680</posx>
                    <posy>880</posy>
                    <width>28</width>
                    <height>28</height>
                    <texture>icons/arrowdown.png</texture>
                    <visible>Container(5001).HasNext</visible>
                </control>

                <control type="textbox">
                    <description> REVIEWS NAME </description>
                    <posx>10</posx>
                    <posy>0</posy>
                    <width>957</width>
                    <textcolor>FFFAFAFA</textcolor>
                    <align>left</align>
                    <label>$ADDON[plugin.video.megogo 1023]</label>
                    <font>font13_title</font>
                </control>

                <control type="panel" id="5001">
					<posy>80</posy>
					<posx>50</posx>
					<width>1300</width>
					<height>800</height>
					<onleft>17002</onleft>
					<scrolltime>200</scrolltime>
					<orientation>vertical</orientation>
					<animation type="WindowOpen" reversible="false">
						<effect type="slide" start="0,1080" end="0,0" delay="0" tween="sine" time="1300" />
					</animation>
					<itemlayout height="200" width="1150">
						<control type="group">
							<control type="image">
								<posy>31</posy>
								<posx>100</posx>
								<width>1110</width>
								<height>145</height>
								<texture border="40">buttons/Off.png</texture>
							</control>
                            <control type="group">
                                <control type="image">
									<posy>10</posy>
									<width>100</width>
									<height>100</height>
									<texture background="true" fallback="unknown_person.png">$INFO[ListItem.Thumb]</texture>
									<aspectratio aligny="center">scale</aspectratio>
									<fadetime>0</fadetime>
								</control>
                                <control type="textbox">
                                    <posx>112</posx>
                                    <posy>2</posy>
                                    <width>1000</width>
                                    <align>left</align>
                                    <font>font12</font>
                                    <label>$INFO[ListItem.Label][CR][COLOR FF999999]$INFO[ListItem.Property(text)][/COLOR]</label>
                                </control>
                                <control type="textbox">
                                    <posx>112</posx>
                                    <posy>2</posy>
                                    <width>1100</width>
                                    <align>right</align>
                                    <font>font12</font>
                                    <label>$INFO[ListItem.Property(date)]</label>
                                </control>
                            </control>
						</control>
					</itemlayout>
					<focusedlayout height="200" width="1150">
						<control type="group">
							<control type="image">
								<posy>31</posy>
								<posx>100</posx>
								<width>1110</width>
								<height>145</height>
								<texture border="40">buttons/Off.png</texture>
							</control>
							<control type="image">
								<posy>31</posy>
								<posx>100</posx>
								<width>1110</width>
								<height>145</height>
								<texture border="40">buttons/On.png</texture>
								<animation effect="fade" start="0" end="100" time="160">Focus</animation>
								<animation effect="fade" start="0" end="100" time="0">UnFocus</animation>
							</control>
                            <control type="group">
                                <control type="image">
									<posy>10</posy>
									<width>100</width>
									<height>100</height>
									<texture background="true" fallback="unknown_person.png">$INFO[ListItem.Thumb]</texture>
									<aspectratio aligny="center">scale</aspectratio>
									<fadetime>0</fadetime>
								</control>
                                <control type="textbox">
                                    <posx>112</posx>
                                    <posy>2</posy>
                                    <width>1000</width>
                                    <align>left</align>
                                    <font>font12</font>
                                    <label>$INFO[ListItem.Label][CR][COLOR FF999999]$INFO[ListItem.Property(text)][/COLOR]</label>
                                </control>
                                <control type="textbox">
                                    <posx>112</posx>
                                    <posy>2</posy>
                                    <width>1100</width>
                                    <align>right</align>
                                    <font>font12</font>
                                    <label>$INFO[ListItem.Property(date)]</label>
                                </control>
                            </control>
						</control>
					</focusedlayout>
				</control>

            </control>

            <control type="group" id="50002">
				<visible>Control.HasFocus(17003) | ControlGroup(50002).HasFocus</visible>
				<posx>500</posx>
				<posy>105</posy>

                <control type="textbox">
                    <description> RELATED VIDEOS NAME </description>
                    <posx>10</posx>
                    <posy>0</posy>
                    <width>957</width>
                    <textcolor>FFFAFAFA</textcolor>
                    <align>left</align>
                    <label>$ADDON[plugin.video.megogo 1024]</label>
                    <font>font13_title</font>
                </control>

                <control type="panel" id="5002">
					<posy>50</posy>
					<posx>90</posx>
					<width>1400</width>
					<height>850</height>
					<onleft>17003</onleft>
					<scrolltime>200</scrolltime>
					<orientation>vertical</orientation>
					<animation type="WindowOpen" reversible="false">
						<effect type="slide" start="0,1080" end="0,0" delay="0" tween="sine" time="1300" />
					</animation>

					<itemlayout width="420" height="410">
                        <control type="image">
                            <posx>0</posx>
                            <posy>0</posy>
                            <width>292</width>
                            <height>414</height>
                            <texture border="40">buttons/Off.png</texture>
                        </control>
                        <control type="group">
                            <control type="image">
                                <posx>20</posx>
                                <posy>20</posy>
                                <width>250</width>
                                <height>320</height>
                                <aspectratio scalediffuse="false">scale</aspectratio>
                                <texture diffuse="thumbs/movieposter_mask.png">$INFO[ListItem.Thumb]</texture>
                            </control>
                            <control type="label">
                                <posx>15</posx>
                                <posy>338</posy>
                                <align>left</align>
                                <width>260</width>
                                <font>font12</font>
                                <textcolor>FFFAFAFA</textcolor>
                                <shadowcolor>black</shadowcolor>
                                <label>$INFO[ListItem.Label] ($INFO[ListItem.Property(Year)])</label>
                            </control>
                            <control type="label">
                                <posx>15</posx>
                                <posy>365</posy>
                                <align>left</align>
                                <width>260</width>
                                <font>font12</font>
                                <textcolor>FFFAFAFA</textcolor>
                                <shadowcolor>black</shadowcolor>
                                <label>$INFO[ListItem.Property(Country)]</label>
                            </control>
                        </control>
                    </itemlayout>
                    <focusedlayout width="420" height="400" >
                        <control type="image">
                            <posx>0</posx>
                            <posy>0</posy>
                            <width>292</width>
                            <height>414</height>
                            <texture border="40">buttons/Off.png</texture>
                        </control>
                        <control type="image">
                            <posx>0</posx>
                            <posy>0</posy>
                            <width>292</width>
                            <height>414</height>
                            <texture border="40">buttons/On.png</texture>
                            <animation effect="fade" start="0" end="100" time="160">Focus</animation>
                            <animation effect="fade" start="0" end="100" time="0">UnFocus</animation>
                        </control>
                        <control type="group">
                            <control type="image">
                                <posx>20</posx>
                                <posy>20</posy>
                                <width>250</width>
                                <height>320</height>
                                <aspectratio scalediffuse="false">scale</aspectratio>
                                <texture diffuse="thumbs/movieposter_mask.png">$INFO[ListItem.Thumb]</texture>
                            </control>
                            <control type="label">
                                <posx>15</posx>
                                <posy>338</posy>
                                <align>left</align>
                                <width>260</width>
                                <font>font12</font>
                                <textcolor>FFFAFAFA</textcolor>
                                <shadowcolor>black</shadowcolor>
                                <label>$INFO[ListItem.Label] ($INFO[ListItem.Property(Year)])</label>
                            </control>
                            <control type="label">
                                <posx>15</posx>
                                <posy>365</posy>
                                <align>left</align>
                                <width>260</width>
                                <font>font12</font>
                                <textcolor>FFFAFAFA</textcolor>
                                <shadowcolor>black</shadowcolor>
                                <label>$INFO[ListItem.Property(Country)]</label>
                            </control>
                        </control>
                    </focusedlayout>
				</control>

            </control>

		</control>

	</controls>
</window>
